prompt,pattern,n_explanations,n_claims,faithfulness,unsupported,partial,claims_per_explanation
direct,upward_trend,250,2518,0.5190627482128674,0.3379666401906275,0.14297061159650518,10.072
direct,downward_trend,250,2673,0.49345304900860454,0.30789375233819677,0.19865319865319866,10.692
direct,sharp_rise,250,2594,0.5516576715497301,0.3635312259059368,0.08481110254433308,10.376
direct,sharp_drop,250,2645,0.45179584120982985,0.4472589792060491,0.10094517958412098,10.58
direct,volatility_shift,250,2450,0.33183673469387753,0.5289795918367347,0.13918367346938776,9.8
direct,change_point,250,2735,0.5129798903107861,0.41718464351005485,0.06983546617915905,10.94
direct,seasonality,250,2633,0.38473224458792254,0.5898214963919484,0.02544625902012913,10.532
direct,anomaly,250,2284,0.4102451838879159,0.5354640980735552,0.0542907180385289,9.136
cot,upward_trend,250,7028,0.3736482640865111,0.5284575981787137,0.09789413773477519,28.112
cot,downward_trend,250,6709,0.38187509315844387,0.47548069757042777,0.14264420927112834,26.836
cot,sharp_rise,250,6600,0.4351515151515152,0.4772727272727273,0.08757575757575757,26.4
cot,sharp_drop,250,6326,0.38144166930129625,0.5368321214037306,0.08172620929497312,25.304
cot,volatility_shift,250,6778,0.28518737090587193,0.6158158748893479,0.09899675420478017,27.112
cot,change_point,250,6631,0.38304931382898505,0.5516513346403258,0.06529935153068919,26.524
cot,seasonality,250,7329,0.25446854959748944,0.7208350388866148,0.024696411515895758,29.316
cot,anomaly,250,6554,0.35138846505950566,0.6147390906316753,0.03387244430881904,26.216
structured,upward_trend,250,1699,0.41671571512654504,0.3337257210123602,0.24955856386109476,6.796
structured,downward_trend,250,1701,0.3921222810111699,0.3027630805408583,0.30511463844797176,6.804
structured,sharp_rise,250,1585,0.3810725552050473,0.39305993690851737,0.22586750788643534,6.34
structured,sharp_drop,250,1584,0.3042929292929293,0.5082070707070707,0.1875,6.336
structured,volatility_shift,250,1846,0.2150595882990249,0.6121343445287107,0.17280606717226435,7.384
structured,change_point,250,1700,0.39235294117647057,0.43058823529411766,0.17705882352941177,6.8
structured,seasonality,250,1837,0.34295046271094176,0.6156777354382145,0.04137180185084377,7.348
structured,anomaly,250,1681,0.3450327186198691,0.5669244497323022,0.08804283164782867,6.724
event_grounded,upward_trend,250,2174,0.6913523459061638,0.0078196872125115,0.30082796688132474,8.696
event_grounded,downward_trend,250,2135,0.6852459016393443,0.022950819672131147,0.29180327868852457,8.54
event_grounded,sharp_rise,250,2241,0.713520749665328,0.04685408299866131,0.23962516733601072,8.964
event_grounded,sharp_drop,250,2184,0.7586996336996337,0.05860805860805861,0.18269230769230768,8.736
event_grounded,volatility_shift,250,2099,0.5583611243449261,0.25440686040971894,0.18723201524535493,8.396
event_grounded,change_point,250,1981,0.7193336698637052,0.06259464916708733,0.21807168096920748,7.924
event_grounded,seasonality,250,2547,0.6576364350215941,0.2143698468786808,0.12799371809972518,10.188
event_grounded,anomaly,250,1564,0.6361892583120204,0.23529411764705882,0.1285166240409207,6.256
