config,supported_threshold,partial_threshold,interval_iou_threshold,exact,macro_f1,kappa,binary_exact,binary_kappa,binary_non_supported_f1
"sup=0.75,part=0.25,iou=0.30",0.75,0.25,0.3,0.4166666666666667,0.3571872803101859,0.09383378016085797,0.4423076923076923,0.028350515463917647,0.33587786259541985
"sup=0.75,part=0.30,iou=0.30",0.75,0.3,0.3,0.4166666666666667,0.3571872803101859,0.09383378016085797,0.4423076923076923,0.028350515463917647,0.33587786259541985
"sup=0.75,part=0.35,iou=0.30",0.75,0.35,0.3,0.4166666666666667,0.3571872803101859,0.09383378016085797,0.4423076923076923,0.028350515463917647,0.33587786259541985
"sup=0.75,part=0.40,iou=0.30",0.75,0.4,0.3,0.4166666666666667,0.3571872803101859,0.09383378016085797,0.4423076923076923,0.028350515463917647,0.33587786259541985
"sup=0.75,part=0.45,iou=0.30",0.75,0.45,0.3,0.4166666666666667,0.3571872803101859,0.09383378016085797,0.4423076923076923,0.028350515463917647,0.33587786259541985
"sup=0.80,part=0.25,iou=0.30",0.8,0.25,0.3,0.4166666666666667,0.3571872803101859,0.09383378016085797,0.4423076923076923,0.028350515463917647,0.33587786259541985
"sup=0.80,part=0.30,iou=0.30",0.8,0.3,0.3,0.4166666666666667,0.3571872803101859,0.09383378016085797,0.4423076923076923,0.028350515463917647,0.33587786259541985
"sup=0.80,part=0.35,iou=0.30",0.8,0.35,0.3,0.4166666666666667,0.3571872803101859,0.09383378016085797,0.4423076923076923,0.028350515463917647,0.33587786259541985
"sup=0.80,part=0.40,iou=0.30",0.8,0.4,0.3,0.4166666666666667,0.3571872803101859,0.09383378016085797,0.4423076923076923,0.028350515463917647,0.33587786259541985
"sup=0.80,part=0.45,iou=0.30",0.8,0.45,0.3,0.4166666666666667,0.3571872803101859,0.09383378016085797,0.4423076923076923,0.028350515463917647,0.33587786259541985
"sup=0.75,part=0.50,iou=0.30",0.75,0.5,0.3,0.4166666666666667,0.35684305414571277,0.09331289519064956,0.4423076923076923,0.028350515463917647,0.33587786259541985
"sup=0.75,part=0.55,iou=0.30",0.75,0.55,0.3,0.4166666666666667,0.35684305414571277,0.09331289519064956,0.4423076923076923,0.028350515463917647,0.33587786259541985
"sup=0.80,part=0.50,iou=0.30",0.8,0.5,0.3,0.4166666666666667,0.35684305414571277,0.09331289519064956,0.4423076923076923,0.028350515463917647,0.33587786259541985
"sup=0.80,part=0.55,iou=0.30",0.8,0.55,0.3,0.4166666666666667,0.35684305414571277,0.09331289519064956,0.4423076923076923,0.028350515463917647,0.33587786259541985
"sup=0.75,part=0.60,iou=0.30",0.75,0.6,0.3,0.4166666666666667,0.3565857282139375,0.09279141104294475,0.4423076923076923,0.028350515463917647,0.33587786259541985
"sup=0.80,part=0.60,iou=0.30",0.8,0.6,0.3,0.4166666666666667,0.3565857282139375,0.09279141104294475,0.4423076923076923,0.028350515463917647,0.33587786259541985
"sup=0.75,part=0.65,iou=0.30",0.75,0.65,0.3,0.4166666666666667,0.3563291220749784,0.09122335317841368,0.4423076923076923,0.028350515463917647,0.33587786259541985
"sup=0.80,part=0.65,iou=0.30",0.8,0.65,0.3,0.4166666666666667,0.3563291220749784,0.09122335317841368,0.4423076923076923,0.028350515463917647,0.33587786259541985
"sup=0.50,part=0.25,iou=0.40",0.5,0.25,0.4,0.41025641025641024,0.3532380683615964,0.09032135386955698,0.4358974358974359,0.023474178403755874,0.3333333333333333
"sup=0.50,part=0.25,iou=0.50",0.5,0.25,0.5,0.41025641025641024,0.3532380683615964,0.09032135386955698,0.4358974358974359,0.023474178403755874,0.3333333333333333
"sup=0.50,part=0.30,iou=0.40",0.5,0.3,0.4,0.41025641025641024,0.3532380683615964,0.09032135386955698,0.4358974358974359,0.023474178403755874,0.3333333333333333
"sup=0.50,part=0.30,iou=0.50",0.5,0.3,0.5,0.41025641025641024,0.3532380683615964,0.09032135386955698,0.4358974358974359,0.023474178403755874,0.3333333333333333
"sup=0.50,part=0.35,iou=0.40",0.5,0.35,0.4,0.41025641025641024,0.3532380683615964,0.09032135386955698,0.4358974358974359,0.023474178403755874,0.3333333333333333
"sup=0.50,part=0.35,iou=0.50",0.5,0.35,0.5,0.41025641025641024,0.3532380683615964,0.09032135386955698,0.4358974358974359,0.023474178403755874,0.3333333333333333
"sup=0.50,part=0.40,iou=0.40",0.5,0.4,0.4,0.41025641025641024,0.3532380683615964,0.09032135386955698,0.4358974358974359,0.023474178403755874,0.3333333333333333
"sup=0.50,part=0.40,iou=0.50",0.5,0.4,0.5,0.41025641025641024,0.3532380683615964,0.09032135386955698,0.4358974358974359,0.023474178403755874,0.3333333333333333
"sup=0.50,part=0.45,iou=0.40",0.5,0.45,0.4,0.41025641025641024,0.3532380683615964,0.09032135386955698,0.4358974358974359,0.023474178403755874,0.3333333333333333
"sup=0.50,part=0.45,iou=0.50",0.5,0.45,0.5,0.41025641025641024,0.3532380683615964,0.09032135386955698,0.4358974358974359,0.023474178403755874,0.3333333333333333
"sup=0.55,part=0.25,iou=0.40",0.55,0.25,0.4,0.41025641025641024,0.3532380683615964,0.09032135386955698,0.4358974358974359,0.023474178403755874,0.3333333333333333
"sup=0.55,part=0.25,iou=0.50",0.55,0.25,0.5,0.41025641025641024,0.3532380683615964,0.09032135386955698,0.4358974358974359,0.023474178403755874,0.3333333333333333
"sup=0.55,part=0.30,iou=0.40",0.55,0.3,0.4,0.41025641025641024,0.3532380683615964,0.09032135386955698,0.4358974358974359,0.023474178403755874,0.3333333333333333
"sup=0.55,part=0.30,iou=0.50",0.55,0.3,0.5,0.41025641025641024,0.3532380683615964,0.09032135386955698,0.4358974358974359,0.023474178403755874,0.3333333333333333
"sup=0.55,part=0.35,iou=0.40",0.55,0.35,0.4,0.41025641025641024,0.3532380683615964,0.09032135386955698,0.4358974358974359,0.023474178403755874,0.3333333333333333
"sup=0.55,part=0.35,iou=0.50",0.55,0.35,0.5,0.41025641025641024,0.3532380683615964,0.09032135386955698,0.4358974358974359,0.023474178403755874,0.3333333333333333
"sup=0.55,part=0.40,iou=0.40",0.55,0.4,0.4,0.41025641025641024,0.3532380683615964,0.09032135386955698,0.4358974358974359,0.023474178403755874,0.3333333333333333
"sup=0.55,part=0.40,iou=0.50",0.55,0.4,0.5,0.41025641025641024,0.3532380683615964,0.09032135386955698,0.4358974358974359,0.023474178403755874,0.3333333333333333
"sup=0.55,part=0.45,iou=0.40",0.55,0.45,0.4,0.41025641025641024,0.3532380683615964,0.09032135386955698,0.4358974358974359,0.023474178403755874,0.3333333333333333
"sup=0.55,part=0.45,iou=0.50",0.55,0.45,0.5,0.41025641025641024,0.3532380683615964,0.09032135386955698,0.4358974358974359,0.023474178403755874,0.3333333333333333
"sup=0.60,part=0.25,iou=0.40",0.6,0.25,0.4,0.41025641025641024,0.3532380683615964,0.09032135386955698,0.4358974358974359,0.023474178403755874,0.3333333333333333
"sup=0.60,part=0.25,iou=0.50",0.6,0.25,0.5,0.41025641025641024,0.3532380683615964,0.09032135386955698,0.4358974358974359,0.023474178403755874,0.3333333333333333
"sup=0.60,part=0.30,iou=0.40",0.6,0.3,0.4,0.41025641025641024,0.3532380683615964,0.09032135386955698,0.4358974358974359,0.023474178403755874,0.3333333333333333
"sup=0.60,part=0.30,iou=0.50",0.6,0.3,0.5,0.41025641025641024,0.3532380683615964,0.09032135386955698,0.4358974358974359,0.023474178403755874,0.3333333333333333
"sup=0.60,part=0.35,iou=0.40",0.6,0.35,0.4,0.41025641025641024,0.3532380683615964,0.09032135386955698,0.4358974358974359,0.023474178403755874,0.3333333333333333
"sup=0.60,part=0.35,iou=0.50",0.6,0.35,0.5,0.41025641025641024,0.3532380683615964,0.09032135386955698,0.4358974358974359,0.023474178403755874,0.3333333333333333
"sup=0.60,part=0.40,iou=0.40",0.6,0.4,0.4,0.41025641025641024,0.3532380683615964,0.09032135386955698,0.4358974358974359,0.023474178403755874,0.3333333333333333
"sup=0.60,part=0.40,iou=0.50",0.6,0.4,0.5,0.41025641025641024,0.3532380683615964,0.09032135386955698,0.4358974358974359,0.023474178403755874,0.3333333333333333
"sup=0.60,part=0.45,iou=0.40",0.6,0.45,0.4,0.41025641025641024,0.3532380683615964,0.09032135386955698,0.4358974358974359,0.023474178403755874,0.3333333333333333
"sup=0.60,part=0.45,iou=0.50",0.6,0.45,0.5,0.41025641025641024,0.3532380683615964,0.09032135386955698,0.4358974358974359,0.023474178403755874,0.3333333333333333
"sup=0.65,part=0.25,iou=0.40",0.65,0.25,0.4,0.41025641025641024,0.3532380683615964,0.09032135386955698,0.4358974358974359,0.023474178403755874,0.3333333333333333
"sup=0.65,part=0.25,iou=0.50",0.65,0.25,0.5,0.41025641025641024,0.3532380683615964,0.09032135386955698,0.4358974358974359,0.023474178403755874,0.3333333333333333
"sup=0.65,part=0.30,iou=0.40",0.65,0.3,0.4,0.41025641025641024,0.3532380683615964,0.09032135386955698,0.4358974358974359,0.023474178403755874,0.3333333333333333
"sup=0.65,part=0.30,iou=0.50",0.65,0.3,0.5,0.41025641025641024,0.3532380683615964,0.09032135386955698,0.4358974358974359,0.023474178403755874,0.3333333333333333
"sup=0.65,part=0.35,iou=0.40",0.65,0.35,0.4,0.41025641025641024,0.3532380683615964,0.09032135386955698,0.4358974358974359,0.023474178403755874,0.3333333333333333
"sup=0.65,part=0.35,iou=0.50",0.65,0.35,0.5,0.41025641025641024,0.3532380683615964,0.09032135386955698,0.4358974358974359,0.023474178403755874,0.3333333333333333
"sup=0.65,part=0.40,iou=0.40",0.65,0.4,0.4,0.41025641025641024,0.3532380683615964,0.09032135386955698,0.4358974358974359,0.023474178403755874,0.3333333333333333
"sup=0.65,part=0.40,iou=0.50",0.65,0.4,0.5,0.41025641025641024,0.3532380683615964,0.09032135386955698,0.4358974358974359,0.023474178403755874,0.3333333333333333
"sup=0.65,part=0.45,iou=0.40",0.65,0.45,0.4,0.41025641025641024,0.3532380683615964,0.09032135386955698,0.4358974358974359,0.023474178403755874,0.3333333333333333
"sup=0.65,part=0.45,iou=0.50",0.65,0.45,0.5,0.41025641025641024,0.3532380683615964,0.09032135386955698,0.4358974358974359,0.023474178403755874,0.3333333333333333
"sup=0.70,part=0.25,iou=0.40",0.7,0.25,0.4,0.41025641025641024,0.3532380683615964,0.09032135386955698,0.4358974358974359,0.023474178403755874,0.3333333333333333
"sup=0.70,part=0.25,iou=0.50",0.7,0.25,0.5,0.41025641025641024,0.3532380683615964,0.09032135386955698,0.4358974358974359,0.023474178403755874,0.3333333333333333
"sup=0.70,part=0.30,iou=0.40",0.7,0.3,0.4,0.41025641025641024,0.3532380683615964,0.09032135386955698,0.4358974358974359,0.023474178403755874,0.3333333333333333
"sup=0.70,part=0.30,iou=0.50",0.7,0.3,0.5,0.41025641025641024,0.3532380683615964,0.09032135386955698,0.4358974358974359,0.023474178403755874,0.3333333333333333
"sup=0.70,part=0.35,iou=0.40",0.7,0.35,0.4,0.41025641025641024,0.3532380683615964,0.09032135386955698,0.4358974358974359,0.023474178403755874,0.3333333333333333
"sup=0.70,part=0.35,iou=0.50",0.7,0.35,0.5,0.41025641025641024,0.3532380683615964,0.09032135386955698,0.4358974358974359,0.023474178403755874,0.3333333333333333
"sup=0.70,part=0.40,iou=0.40",0.7,0.4,0.4,0.41025641025641024,0.3532380683615964,0.09032135386955698,0.4358974358974359,0.023474178403755874,0.3333333333333333
"sup=0.70,part=0.40,iou=0.50",0.7,0.4,0.5,0.41025641025641024,0.3532380683615964,0.09032135386955698,0.4358974358974359,0.023474178403755874,0.3333333333333333
"sup=0.70,part=0.45,iou=0.40",0.7,0.45,0.4,0.41025641025641024,0.3532380683615964,0.09032135386955698,0.4358974358974359,0.023474178403755874,0.3333333333333333
"sup=0.70,part=0.45,iou=0.50",0.7,0.45,0.5,0.41025641025641024,0.3532380683615964,0.09032135386955698,0.4358974358974359,0.023474178403755874,0.3333333333333333
"sup=0.75,part=0.25,iou=0.40",0.75,0.25,0.4,0.41025641025641024,0.3532380683615964,0.09032135386955698,0.4358974358974359,0.023474178403755874,0.3333333333333333
"sup=0.75,part=0.25,iou=0.50",0.75,0.25,0.5,0.41025641025641024,0.3532380683615964,0.09032135386955698,0.4358974358974359,0.023474178403755874,0.3333333333333333
"sup=0.75,part=0.30,iou=0.40",0.75,0.3,0.4,0.41025641025641024,0.3532380683615964,0.09032135386955698,0.4358974358974359,0.023474178403755874,0.3333333333333333
"sup=0.75,part=0.30,iou=0.50",0.75,0.3,0.5,0.41025641025641024,0.3532380683615964,0.09032135386955698,0.4358974358974359,0.023474178403755874,0.3333333333333333
"sup=0.75,part=0.35,iou=0.40",0.75,0.35,0.4,0.41025641025641024,0.3532380683615964,0.09032135386955698,0.4358974358974359,0.023474178403755874,0.3333333333333333
"sup=0.75,part=0.35,iou=0.50",0.75,0.35,0.5,0.41025641025641024,0.3532380683615964,0.09032135386955698,0.4358974358974359,0.023474178403755874,0.3333333333333333
"sup=0.75,part=0.40,iou=0.40",0.75,0.4,0.4,0.41025641025641024,0.3532380683615964,0.09032135386955698,0.4358974358974359,0.023474178403755874,0.3333333333333333
"sup=0.75,part=0.40,iou=0.50",0.75,0.4,0.5,0.41025641025641024,0.3532380683615964,0.09032135386955698,0.4358974358974359,0.023474178403755874,0.3333333333333333
"sup=0.75,part=0.45,iou=0.40",0.75,0.45,0.4,0.41025641025641024,0.3532380683615964,0.09032135386955698,0.4358974358974359,0.023474178403755874,0.3333333333333333
"sup=0.75,part=0.45,iou=0.50",0.75,0.45,0.5,0.41025641025641024,0.3532380683615964,0.09032135386955698,0.4358974358974359,0.023474178403755874,0.3333333333333333
"sup=0.80,part=0.25,iou=0.40",0.8,0.25,0.4,0.41025641025641024,0.3532380683615964,0.09032135386955698,0.4358974358974359,0.023474178403755874,0.3333333333333333
"sup=0.80,part=0.25,iou=0.50",0.8,0.25,0.5,0.41025641025641024,0.3532380683615964,0.09032135386955698,0.4358974358974359,0.023474178403755874,0.3333333333333333
"sup=0.80,part=0.30,iou=0.40",0.8,0.3,0.4,0.41025641025641024,0.3532380683615964,0.09032135386955698,0.4358974358974359,0.023474178403755874,0.3333333333333333
"sup=0.80,part=0.30,iou=0.50",0.8,0.3,0.5,0.41025641025641024,0.3532380683615964,0.09032135386955698,0.4358974358974359,0.023474178403755874,0.3333333333333333
"sup=0.80,part=0.35,iou=0.40",0.8,0.35,0.4,0.41025641025641024,0.3532380683615964,0.09032135386955698,0.4358974358974359,0.023474178403755874,0.3333333333333333
"sup=0.80,part=0.35,iou=0.50",0.8,0.35,0.5,0.41025641025641024,0.3532380683615964,0.09032135386955698,0.4358974358974359,0.023474178403755874,0.3333333333333333
"sup=0.80,part=0.40,iou=0.40",0.8,0.4,0.4,0.41025641025641024,0.3532380683615964,0.09032135386955698,0.4358974358974359,0.023474178403755874,0.3333333333333333
"sup=0.80,part=0.40,iou=0.50",0.8,0.4,0.5,0.41025641025641024,0.3532380683615964,0.09032135386955698,0.4358974358974359,0.023474178403755874,0.3333333333333333
"sup=0.80,part=0.45,iou=0.40",0.8,0.45,0.4,0.41025641025641024,0.3532380683615964,0.09032135386955698,0.4358974358974359,0.023474178403755874,0.3333333333333333
"sup=0.80,part=0.45,iou=0.50",0.8,0.45,0.5,0.41025641025641024,0.3532380683615964,0.09032135386955698,0.4358974358974359,0.023474178403755874,0.3333333333333333
"sup=0.55,part=0.50,iou=0.40",0.55,0.5,0.4,0.41025641025641024,0.35285884963304315,0.08980213089802147,0.4358974358974359,0.023474178403755874,0.3333333333333333
"sup=0.55,part=0.50,iou=0.50",0.55,0.5,0.5,0.41025641025641024,0.35285884963304315,0.08980213089802147,0.4358974358974359,0.023474178403755874,0.3333333333333333
"sup=0.60,part=0.50,iou=0.40",0.6,0.5,0.4,0.41025641025641024,0.35285884963304315,0.08980213089802147,0.4358974358974359,0.023474178403755874,0.3333333333333333
"sup=0.60,part=0.50,iou=0.50",0.6,0.5,0.5,0.41025641025641024,0.35285884963304315,0.08980213089802147,0.4358974358974359,0.023474178403755874,0.3333333333333333
"sup=0.60,part=0.55,iou=0.40",0.6,0.55,0.4,0.41025641025641024,0.35285884963304315,0.08980213089802147,0.4358974358974359,0.023474178403755874,0.3333333333333333
"sup=0.60,part=0.55,iou=0.50",0.6,0.55,0.5,0.41025641025641024,0.35285884963304315,0.08980213089802147,0.4358974358974359,0.023474178403755874,0.3333333333333333
"sup=0.65,part=0.50,iou=0.40",0.65,0.5,0.4,0.41025641025641024,0.35285884963304315,0.08980213089802147,0.4358974358974359,0.023474178403755874,0.3333333333333333
"sup=0.65,part=0.50,iou=0.50",0.65,0.5,0.5,0.41025641025641024,0.35285884963304315,0.08980213089802147,0.4358974358974359,0.023474178403755874,0.3333333333333333
"sup=0.65,part=0.55,iou=0.40",0.65,0.55,0.4,0.41025641025641024,0.35285884963304315,0.08980213089802147,0.4358974358974359,0.023474178403755874,0.3333333333333333
"sup=0.65,part=0.55,iou=0.50",0.65,0.55,0.5,0.41025641025641024,0.35285884963304315,0.08980213089802147,0.4358974358974359,0.023474178403755874,0.3333333333333333
"sup=0.70,part=0.50,iou=0.40",0.7,0.5,0.4,0.41025641025641024,0.35285884963304315,0.08980213089802147,0.4358974358974359,0.023474178403755874,0.3333333333333333
"sup=0.70,part=0.50,iou=0.50",0.7,0.5,0.5,0.41025641025641024,0.35285884963304315,0.08980213089802147,0.4358974358974359,0.023474178403755874,0.3333333333333333
"sup=0.70,part=0.55,iou=0.40",0.7,0.55,0.4,0.41025641025641024,0.35285884963304315,0.08980213089802147,0.4358974358974359,0.023474178403755874,0.3333333333333333
"sup=0.70,part=0.55,iou=0.50",0.7,0.55,0.5,0.41025641025641024,0.35285884963304315,0.08980213089802147,0.4358974358974359,0.023474178403755874,0.3333333333333333
"sup=0.75,part=0.50,iou=0.40",0.75,0.5,0.4,0.41025641025641024,0.35285884963304315,0.08980213089802147,0.4358974358974359,0.023474178403755874,0.3333333333333333
"sup=0.75,part=0.50,iou=0.50",0.75,0.5,0.5,0.41025641025641024,0.35285884963304315,0.08980213089802147,0.4358974358974359,0.023474178403755874,0.3333333333333333
"sup=0.75,part=0.55,iou=0.40",0.75,0.55,0.4,0.41025641025641024,0.35285884963304315,0.08980213089802147,0.4358974358974359,0.023474178403755874,0.3333333333333333
"sup=0.75,part=0.55,iou=0.50",0.75,0.55,0.5,0.41025641025641024,0.35285884963304315,0.08980213089802147,0.4358974358974359,0.023474178403755874,0.3333333333333333
"sup=0.80,part=0.50,iou=0.40",0.8,0.5,0.4,0.41025641025641024,0.35285884963304315,0.08980213089802147,0.4358974358974359,0.023474178403755874,0.3333333333333333
"sup=0.80,part=0.50,iou=0.50",0.8,0.5,0.5,0.41025641025641024,0.35285884963304315,0.08980213089802147,0.4358974358974359,0.023474178403755874,0.3333333333333333
"sup=0.80,part=0.55,iou=0.40",0.8,0.55,0.4,0.41025641025641024,0.35285884963304315,0.08980213089802147,0.4358974358974359,0.023474178403755874,0.3333333333333333
"sup=0.80,part=0.55,iou=0.50",0.8,0.55,0.5,0.41025641025641024,0.35285884963304315,0.08980213089802147,0.4358974358974359,0.023474178403755874,0.3333333333333333
"sup=0.65,part=0.60,iou=0.40",0.65,0.6,0.4,0.41025641025641024,0.35256498734759606,0.08928231486769467,0.4358974358974359,0.023474178403755874,0.3333333333333333
"sup=0.65,part=0.60,iou=0.50",0.65,0.6,0.5,0.41025641025641024,0.35256498734759606,0.08928231486769467,0.4358974358974359,0.023474178403755874,0.3333333333333333
"sup=0.70,part=0.60,iou=0.40",0.7,0.6,0.4,0.41025641025641024,0.35256498734759606,0.08928231486769467,0.4358974358974359,0.023474178403755874,0.3333333333333333
"sup=0.70,part=0.60,iou=0.50",0.7,0.6,0.5,0.41025641025641024,0.35256498734759606,0.08928231486769467,0.4358974358974359,0.023474178403755874,0.3333333333333333
"sup=0.75,part=0.60,iou=0.40",0.75,0.6,0.4,0.41025641025641024,0.35256498734759606,0.08928231486769467,0.4358974358974359,0.023474178403755874,0.3333333333333333
"sup=0.75,part=0.60,iou=0.50",0.75,0.6,0.5,0.41025641025641024,0.35256498734759606,0.08928231486769467,0.4358974358974359,0.023474178403755874,0.3333333333333333
"sup=0.80,part=0.60,iou=0.40",0.8,0.6,0.4,0.41025641025641024,0.35256498734759606,0.08928231486769467,0.4358974358974359,0.023474178403755874,0.3333333333333333
"sup=0.80,part=0.60,iou=0.50",0.8,0.6,0.5,0.41025641025641024,0.35256498734759606,0.08928231486769467,0.4358974358974359,0.023474178403755874,0.3333333333333333
"sup=0.70,part=0.65,iou=0.40",0.7,0.65,0.4,0.41025641025641024,0.35218855218855216,0.08771929824561397,0.4358974358974359,0.023474178403755874,0.3333333333333333
"sup=0.70,part=0.65,iou=0.50",0.7,0.65,0.5,0.41025641025641024,0.35218855218855216,0.08771929824561397,0.4358974358974359,0.023474178403755874,0.3333333333333333
"sup=0.75,part=0.65,iou=0.40",0.75,0.65,0.4,0.41025641025641024,0.35218855218855216,0.08771929824561397,0.4358974358974359,0.023474178403755874,0.3333333333333333
"sup=0.75,part=0.65,iou=0.50",0.75,0.65,0.5,0.41025641025641024,0.35218855218855216,0.08771929824561397,0.4358974358974359,0.023474178403755874,0.3333333333333333
"sup=0.80,part=0.65,iou=0.40",0.8,0.65,0.4,0.41025641025641024,0.35218855218855216,0.08771929824561397,0.4358974358974359,0.023474178403755874,0.3333333333333333
"sup=0.80,part=0.65,iou=0.50",0.8,0.65,0.5,0.41025641025641024,0.35218855218855216,0.08771929824561397,0.4358974358974359,0.023474178403755874,0.3333333333333333
"sup=0.50,part=0.25,iou=0.30",0.5,0.25,0.3,0.4166666666666667,0.3516554162648666,0.08080808080808077,0.4423076923076923,0.015665796344647598,0.32558139534883723
"sup=0.50,part=0.30,iou=0.30",0.5,0.3,0.3,0.4166666666666667,0.3516554162648666,0.08080808080808077,0.4423076923076923,0.015665796344647598,0.32558139534883723
"sup=0.50,part=0.35,iou=0.30",0.5,0.35,0.3,0.4166666666666667,0.3516554162648666,0.08080808080808077,0.4423076923076923,0.015665796344647598,0.32558139534883723
"sup=0.50,part=0.40,iou=0.30",0.5,0.4,0.3,0.4166666666666667,0.3516554162648666,0.08080808080808077,0.4423076923076923,0.015665796344647598,0.32558139534883723
"sup=0.50,part=0.45,iou=0.30",0.5,0.45,0.3,0.4166666666666667,0.3516554162648666,0.08080808080808077,0.4423076923076923,0.015665796344647598,0.32558139534883723
"sup=0.55,part=0.25,iou=0.30",0.55,0.25,0.3,0.4166666666666667,0.3516554162648666,0.08080808080808077,0.4423076923076923,0.015665796344647598,0.32558139534883723
"sup=0.55,part=0.30,iou=0.30",0.55,0.3,0.3,0.4166666666666667,0.3516554162648666,0.08080808080808077,0.4423076923076923,0.015665796344647598,0.32558139534883723
"sup=0.55,part=0.35,iou=0.30",0.55,0.35,0.3,0.4166666666666667,0.3516554162648666,0.08080808080808077,0.4423076923076923,0.015665796344647598,0.32558139534883723
"sup=0.55,part=0.40,iou=0.30",0.55,0.4,0.3,0.4166666666666667,0.3516554162648666,0.08080808080808077,0.4423076923076923,0.015665796344647598,0.32558139534883723
"sup=0.55,part=0.45,iou=0.30",0.55,0.45,0.3,0.4166666666666667,0.3516554162648666,0.08080808080808077,0.4423076923076923,0.015665796344647598,0.32558139534883723
"sup=0.60,part=0.25,iou=0.30",0.6,0.25,0.3,0.4166666666666667,0.3516554162648666,0.08080808080808077,0.4423076923076923,0.015665796344647598,0.32558139534883723
"sup=0.60,part=0.30,iou=0.30",0.6,0.3,0.3,0.4166666666666667,0.3516554162648666,0.08080808080808077,0.4423076923076923,0.015665796344647598,0.32558139534883723
"sup=0.60,part=0.35,iou=0.30",0.6,0.35,0.3,0.4166666666666667,0.3516554162648666,0.08080808080808077,0.4423076923076923,0.015665796344647598,0.32558139534883723
"sup=0.60,part=0.40,iou=0.30",0.6,0.4,0.3,0.4166666666666667,0.3516554162648666,0.08080808080808077,0.4423076923076923,0.015665796344647598,0.32558139534883723
"sup=0.60,part=0.45,iou=0.30",0.6,0.45,0.3,0.4166666666666667,0.3516554162648666,0.08080808080808077,0.4423076923076923,0.015665796344647598,0.32558139534883723
"sup=0.65,part=0.25,iou=0.30",0.65,0.25,0.3,0.4166666666666667,0.3516554162648666,0.08080808080808077,0.4423076923076923,0.015665796344647598,0.32558139534883723
"sup=0.65,part=0.30,iou=0.30",0.65,0.3,0.3,0.4166666666666667,0.3516554162648666,0.08080808080808077,0.4423076923076923,0.015665796344647598,0.32558139534883723
"sup=0.65,part=0.35,iou=0.30",0.65,0.35,0.3,0.4166666666666667,0.3516554162648666,0.08080808080808077,0.4423076923076923,0.015665796344647598,0.32558139534883723
"sup=0.65,part=0.40,iou=0.30",0.65,0.4,0.3,0.4166666666666667,0.3516554162648666,0.08080808080808077,0.4423076923076923,0.015665796344647598,0.32558139534883723
"sup=0.65,part=0.45,iou=0.30",0.65,0.45,0.3,0.4166666666666667,0.3516554162648666,0.08080808080808077,0.4423076923076923,0.015665796344647598,0.32558139534883723
"sup=0.70,part=0.25,iou=0.30",0.7,0.25,0.3,0.4166666666666667,0.3516554162648666,0.08080808080808077,0.4423076923076923,0.015665796344647598,0.32558139534883723
"sup=0.70,part=0.30,iou=0.30",0.7,0.3,0.3,0.4166666666666667,0.3516554162648666,0.08080808080808077,0.4423076923076923,0.015665796344647598,0.32558139534883723
"sup=0.70,part=0.35,iou=0.30",0.7,0.35,0.3,0.4166666666666667,0.3516554162648666,0.08080808080808077,0.4423076923076923,0.015665796344647598,0.32558139534883723
"sup=0.70,part=0.40,iou=0.30",0.7,0.4,0.3,0.4166666666666667,0.3516554162648666,0.08080808080808077,0.4423076923076923,0.015665796344647598,0.32558139534883723
"sup=0.70,part=0.45,iou=0.30",0.7,0.45,0.3,0.4166666666666667,0.3516554162648666,0.08080808080808077,0.4423076923076923,0.015665796344647598,0.32558139534883723
"sup=0.55,part=0.50,iou=0.30",0.55,0.5,0.3,0.4166666666666667,0.35123957157628044,0.08027210884353742,0.4423076923076923,0.015665796344647598,0.32558139534883723
"sup=0.60,part=0.50,iou=0.30",0.6,0.5,0.3,0.4166666666666667,0.35123957157628044,0.08027210884353742,0.4423076923076923,0.015665796344647598,0.32558139534883723
"sup=0.60,part=0.55,iou=0.30",0.6,0.55,0.3,0.4166666666666667,0.35123957157628044,0.08027210884353742,0.4423076923076923,0.015665796344647598,0.32558139534883723
"sup=0.65,part=0.50,iou=0.30",0.65,0.5,0.3,0.4166666666666667,0.35123957157628044,0.08027210884353742,0.4423076923076923,0.015665796344647598,0.32558139534883723
"sup=0.65,part=0.55,iou=0.30",0.65,0.55,0.3,0.4166666666666667,0.35123957157628044,0.08027210884353742,0.4423076923076923,0.015665796344647598,0.32558139534883723
"sup=0.70,part=0.50,iou=0.30",0.7,0.5,0.3,0.4166666666666667,0.35123957157628044,0.08027210884353742,0.4423076923076923,0.015665796344647598,0.32558139534883723
"sup=0.70,part=0.55,iou=0.30",0.7,0.55,0.3,0.4166666666666667,0.35123957157628044,0.08027210884353742,0.4423076923076923,0.015665796344647598,0.32558139534883723
"sup=0.65,part=0.60,iou=0.30",0.65,0.6,0.3,0.4166666666666667,0.3509095640243181,0.0797355114741346,0.4423076923076923,0.015665796344647598,0.32558139534883723
"sup=0.70,part=0.60,iou=0.30",0.7,0.6,0.3,0.4166666666666667,0.3509095640243181,0.0797355114741346,0.4423076923076923,0.015665796344647598,0.32558139534883723
"sup=0.70,part=0.65,iou=0.30",0.7,0.65,0.3,0.4166666666666667,0.3504285635433176,0.07812195597116689,0.4423076923076923,0.015665796344647598,0.32558139534883723
"sup=0.50,part=0.25,iou=0.60",0.5,0.25,0.6,0.40384615384615385,0.3492917544341667,0.08685800604229599,0.42948717948717946,0.018659881255300936,0.3308270676691729
"sup=0.50,part=0.30,iou=0.60",0.5,0.3,0.6,0.40384615384615385,0.3492917544341667,0.08685800604229599,0.42948717948717946,0.018659881255300936,0.3308270676691729
"sup=0.50,part=0.35,iou=0.60",0.5,0.35,0.6,0.40384615384615385,0.3492917544341667,0.08685800604229599,0.42948717948717946,0.018659881255300936,0.3308270676691729
"sup=0.50,part=0.40,iou=0.60",0.5,0.4,0.6,0.40384615384615385,0.3492917544341667,0.08685800604229599,0.42948717948717946,0.018659881255300936,0.3308270676691729
"sup=0.50,part=0.45,iou=0.60",0.5,0.45,0.6,0.40384615384615385,0.3492917544341667,0.08685800604229599,0.42948717948717946,0.018659881255300936,0.3308270676691729
"sup=0.55,part=0.25,iou=0.60",0.55,0.25,0.6,0.40384615384615385,0.3492917544341667,0.08685800604229599,0.42948717948717946,0.018659881255300936,0.3308270676691729
"sup=0.55,part=0.30,iou=0.60",0.55,0.3,0.6,0.40384615384615385,0.3492917544341667,0.08685800604229599,0.42948717948717946,0.018659881255300936,0.3308270676691729
"sup=0.55,part=0.35,iou=0.60",0.55,0.35,0.6,0.40384615384615385,0.3492917544341667,0.08685800604229599,0.42948717948717946,0.018659881255300936,0.3308270676691729
"sup=0.55,part=0.40,iou=0.60",0.55,0.4,0.6,0.40384615384615385,0.3492917544341667,0.08685800604229599,0.42948717948717946,0.018659881255300936,0.3308270676691729
"sup=0.55,part=0.45,iou=0.60",0.55,0.45,0.6,0.40384615384615385,0.3492917544341667,0.08685800604229599,0.42948717948717946,0.018659881255300936,0.3308270676691729
"sup=0.60,part=0.25,iou=0.60",0.6,0.25,0.6,0.40384615384615385,0.3492917544341667,0.08685800604229599,0.42948717948717946,0.018659881255300936,0.3308270676691729
"sup=0.60,part=0.30,iou=0.60",0.6,0.3,0.6,0.40384615384615385,0.3492917544341667,0.08685800604229599,0.42948717948717946,0.018659881255300936,0.3308270676691729
"sup=0.60,part=0.35,iou=0.60",0.6,0.35,0.6,0.40384615384615385,0.3492917544341667,0.08685800604229599,0.42948717948717946,0.018659881255300936,0.3308270676691729
"sup=0.60,part=0.40,iou=0.60",0.6,0.4,0.6,0.40384615384615385,0.3492917544341667,0.08685800604229599,0.42948717948717946,0.018659881255300936,0.3308270676691729
"sup=0.60,part=0.45,iou=0.60",0.6,0.45,0.6,0.40384615384615385,0.3492917544341667,0.08685800604229599,0.42948717948717946,0.018659881255300936,0.3308270676691729
"sup=0.65,part=0.25,iou=0.60",0.65,0.25,0.6,0.40384615384615385,0.3492917544341667,0.08685800604229599,0.42948717948717946,0.018659881255300936,0.3308270676691729
"sup=0.65,part=0.30,iou=0.60",0.65,0.3,0.6,0.40384615384615385,0.3492917544341667,0.08685800604229599,0.42948717948717946,0.018659881255300936,0.3308270676691729
"sup=0.65,part=0.35,iou=0.60",0.65,0.35,0.6,0.40384615384615385,0.3492917544341667,0.08685800604229599,0.42948717948717946,0.018659881255300936,0.3308270676691729
"sup=0.65,part=0.40,iou=0.60",0.65,0.4,0.6,0.40384615384615385,0.3492917544341667,0.08685800604229599,0.42948717948717946,0.018659881255300936,0.3308270676691729
"sup=0.65,part=0.45,iou=0.60",0.65,0.45,0.6,0.40384615384615385,0.3492917544341667,0.08685800604229599,0.42948717948717946,0.018659881255300936,0.3308270676691729
"sup=0.70,part=0.25,iou=0.60",0.7,0.25,0.6,0.40384615384615385,0.3492917544341667,0.08685800604229599,0.42948717948717946,0.018659881255300936,0.3308270676691729
"sup=0.70,part=0.30,iou=0.60",0.7,0.3,0.6,0.40384615384615385,0.3492917544341667,0.08685800604229599,0.42948717948717946,0.018659881255300936,0.3308270676691729
"sup=0.70,part=0.35,iou=0.60",0.7,0.35,0.6,0.40384615384615385,0.3492917544341667,0.08685800604229599,0.42948717948717946,0.018659881255300936,0.3308270676691729
"sup=0.70,part=0.40,iou=0.60",0.7,0.4,0.6,0.40384615384615385,0.3492917544341667,0.08685800604229599,0.42948717948717946,0.018659881255300936,0.3308270676691729
"sup=0.70,part=0.45,iou=0.60",0.7,0.45,0.6,0.40384615384615385,0.3492917544341667,0.08685800604229599,0.42948717948717946,0.018659881255300936,0.3308270676691729
"sup=0.75,part=0.25,iou=0.60",0.75,0.25,0.6,0.40384615384615385,0.3492917544341667,0.08685800604229599,0.42948717948717946,0.018659881255300936,0.3308270676691729
"sup=0.75,part=0.30,iou=0.60",0.75,0.3,0.6,0.40384615384615385,0.3492917544341667,0.08685800604229599,0.42948717948717946,0.018659881255300936,0.3308270676691729
"sup=0.75,part=0.35,iou=0.60",0.75,0.35,0.6,0.40384615384615385,0.3492917544341667,0.08685800604229599,0.42948717948717946,0.018659881255300936,0.3308270676691729
"sup=0.75,part=0.40,iou=0.60",0.75,0.4,0.6,0.40384615384615385,0.3492917544341667,0.08685800604229599,0.42948717948717946,0.018659881255300936,0.3308270676691729
"sup=0.75,part=0.45,iou=0.60",0.75,0.45,0.6,0.40384615384615385,0.3492917544341667,0.08685800604229599,0.42948717948717946,0.018659881255300936,0.3308270676691729
"sup=0.80,part=0.25,iou=0.60",0.8,0.25,0.6,0.40384615384615385,0.3492917544341667,0.08685800604229599,0.42948717948717946,0.018659881255300936,0.3308270676691729
"sup=0.80,part=0.30,iou=0.60",0.8,0.3,0.6,0.40384615384615385,0.3492917544341667,0.08685800604229599,0.42948717948717946,0.018659881255300936,0.3308270676691729
"sup=0.80,part=0.35,iou=0.60",0.8,0.35,0.6,0.40384615384615385,0.3492917544341667,0.08685800604229599,0.42948717948717946,0.018659881255300936,0.3308270676691729
"sup=0.80,part=0.40,iou=0.60",0.8,0.4,0.6,0.40384615384615385,0.3492917544341667,0.08685800604229599,0.42948717948717946,0.018659881255300936,0.3308270676691729
"sup=0.80,part=0.45,iou=0.60",0.8,0.45,0.6,0.40384615384615385,0.3492917544341667,0.08685800604229599,0.42948717948717946,0.018659881255300936,0.3308270676691729
"sup=0.55,part=0.50,iou=0.60",0.55,0.5,0.6,0.40384615384615385,0.34887900116503673,0.08634044965048182,0.42948717948717946,0.018659881255300936,0.3308270676691729
"sup=0.60,part=0.50,iou=0.60",0.6,0.5,0.6,0.40384615384615385,0.34887900116503673,0.08634044965048182,0.42948717948717946,0.018659881255300936,0.3308270676691729
"sup=0.60,part=0.55,iou=0.60",0.6,0.55,0.6,0.40384615384615385,0.34887900116503673,0.08634044965048182,0.42948717948717946,0.018659881255300936,0.3308270676691729
"sup=0.65,part=0.50,iou=0.60",0.65,0.5,0.6,0.40384615384615385,0.34887900116503673,0.08634044965048182,0.42948717948717946,0.018659881255300936,0.3308270676691729
"sup=0.65,part=0.55,iou=0.60",0.65,0.55,0.6,0.40384615384615385,0.34887900116503673,0.08634044965048182,0.42948717948717946,0.018659881255300936,0.3308270676691729
"sup=0.70,part=0.50,iou=0.60",0.7,0.5,0.6,0.40384615384615385,0.34887900116503673,0.08634044965048182,0.42948717948717946,0.018659881255300936,0.3308270676691729
"sup=0.70,part=0.55,iou=0.60",0.7,0.55,0.6,0.40384615384615385,0.34887900116503673,0.08634044965048182,0.42948717948717946,0.018659881255300936,0.3308270676691729
"sup=0.75,part=0.50,iou=0.60",0.75,0.5,0.6,0.40384615384615385,0.34887900116503673,0.08634044965048182,0.42948717948717946,0.018659881255300936,0.3308270676691729
"sup=0.75,part=0.55,iou=0.60",0.75,0.55,0.6,0.40384615384615385,0.34887900116503673,0.08634044965048182,0.42948717948717946,0.018659881255300936,0.3308270676691729
"sup=0.80,part=0.50,iou=0.60",0.8,0.5,0.6,0.40384615384615385,0.34887900116503673,0.08634044965048182,0.42948717948717946,0.018659881255300936,0.3308270676691729
"sup=0.80,part=0.55,iou=0.60",0.8,0.55,0.6,0.40384615384615385,0.34887900116503673,0.08634044965048182,0.42948717948717946,0.018659881255300936,0.3308270676691729
"sup=0.65,part=0.60,iou=0.60",0.65,0.6,0.6,0.40384615384615385,0.3485501463155094,0.08582230623818521,0.42948717948717946,0.018659881255300936,0.3308270676691729
"sup=0.70,part=0.60,iou=0.60",0.7,0.6,0.6,0.40384615384615385,0.3485501463155094,0.08582230623818521,0.42948717948717946,0.018659881255300936,0.3308270676691729
"sup=0.75,part=0.60,iou=0.60",0.75,0.6,0.6,0.40384615384615385,0.3485501463155094,0.08582230623818521,0.42948717948717946,0.018659881255300936,0.3308270676691729
"sup=0.80,part=0.60,iou=0.60",0.8,0.6,0.6,0.40384615384615385,0.3485501463155094,0.08582230623818521,0.42948717948717946,0.018659881255300936,0.3308270676691729
"sup=0.70,part=0.65,iou=0.60",0.7,0.65,0.6,0.40384615384615385,0.3480590950781896,0.08426434387426618,0.42948717948717946,0.018659881255300936,0.3308270676691729
"sup=0.75,part=0.65,iou=0.60",0.75,0.65,0.6,0.40384615384615385,0.3480590950781896,0.08426434387426618,0.42948717948717946,0.018659881255300936,0.3308270676691729
"sup=0.80,part=0.65,iou=0.60",0.8,0.65,0.6,0.40384615384615385,0.3480590950781896,0.08426434387426618,0.42948717948717946,0.018659881255300936,0.3308270676691729
"sup=0.85,part=0.25,iou=0.30",0.85,0.25,0.3,0.391025641025641,0.34607995398331887,0.09257898603967674,0.4166666666666667,0.021505376344086002,0.3357664233576642
"sup=0.85,part=0.25,iou=0.40",0.85,0.25,0.4,0.391025641025641,0.34607995398331887,0.09257898603967674,0.4166666666666667,0.021505376344086002,0.3357664233576642
"sup=0.85,part=0.25,iou=0.50",0.85,0.25,0.5,0.391025641025641,0.34607995398331887,0.09257898603967674,0.4166666666666667,0.021505376344086002,0.3357664233576642
"sup=0.85,part=0.25,iou=0.60",0.85,0.25,0.6,0.391025641025641,0.34607995398331887,0.09257898603967674,0.4166666666666667,0.021505376344086002,0.3357664233576642
"sup=0.85,part=0.30,iou=0.30",0.85,0.3,0.3,0.391025641025641,0.34607995398331887,0.09257898603967674,0.4166666666666667,0.021505376344086002,0.3357664233576642
"sup=0.85,part=0.30,iou=0.40",0.85,0.3,0.4,0.391025641025641,0.34607995398331887,0.09257898603967674,0.4166666666666667,0.021505376344086002,0.3357664233576642
"sup=0.85,part=0.30,iou=0.50",0.85,0.3,0.5,0.391025641025641,0.34607995398331887,0.09257898603967674,0.4166666666666667,0.021505376344086002,0.3357664233576642
"sup=0.85,part=0.30,iou=0.60",0.85,0.3,0.6,0.391025641025641,0.34607995398331887,0.09257898603967674,0.4166666666666667,0.021505376344086002,0.3357664233576642
"sup=0.85,part=0.35,iou=0.30",0.85,0.35,0.3,0.391025641025641,0.34607995398331887,0.09257898603967674,0.4166666666666667,0.021505376344086002,0.3357664233576642
"sup=0.85,part=0.35,iou=0.40",0.85,0.35,0.4,0.391025641025641,0.34607995398331887,0.09257898603967674,0.4166666666666667,0.021505376344086002,0.3357664233576642
"sup=0.85,part=0.35,iou=0.50",0.85,0.35,0.5,0.391025641025641,0.34607995398331887,0.09257898603967674,0.4166666666666667,0.021505376344086002,0.3357664233576642
"sup=0.85,part=0.35,iou=0.60",0.85,0.35,0.6,0.391025641025641,0.34607995398331887,0.09257898603967674,0.4166666666666667,0.021505376344086002,0.3357664233576642
"sup=0.85,part=0.40,iou=0.30",0.85,0.4,0.3,0.391025641025641,0.34607995398331887,0.09257898603967674,0.4166666666666667,0.021505376344086002,0.3357664233576642
"sup=0.85,part=0.40,iou=0.40",0.85,0.4,0.4,0.391025641025641,0.34607995398331887,0.09257898603967674,0.4166666666666667,0.021505376344086002,0.3357664233576642
"sup=0.85,part=0.40,iou=0.50",0.85,0.4,0.5,0.391025641025641,0.34607995398331887,0.09257898603967674,0.4166666666666667,0.021505376344086002,0.3357664233576642
"sup=0.85,part=0.40,iou=0.60",0.85,0.4,0.6,0.391025641025641,0.34607995398331887,0.09257898603967674,0.4166666666666667,0.021505376344086002,0.3357664233576642
"sup=0.85,part=0.45,iou=0.30",0.85,0.45,0.3,0.391025641025641,0.34607995398331887,0.09257898603967674,0.4166666666666667,0.021505376344086002,0.3357664233576642
"sup=0.85,part=0.45,iou=0.40",0.85,0.45,0.4,0.391025641025641,0.34607995398331887,0.09257898603967674,0.4166666666666667,0.021505376344086002,0.3357664233576642
"sup=0.85,part=0.45,iou=0.50",0.85,0.45,0.5,0.391025641025641,0.34607995398331887,0.09257898603967674,0.4166666666666667,0.021505376344086002,0.3357664233576642
"sup=0.85,part=0.45,iou=0.60",0.85,0.45,0.6,0.391025641025641,0.34607995398331887,0.09257898603967674,0.4166666666666667,0.021505376344086002,0.3357664233576642
"sup=0.85,part=0.50,iou=0.30",0.85,0.5,0.3,0.391025641025641,0.34566308243727595,0.09207866201065984,0.4166666666666667,0.021505376344086002,0.3357664233576642
"sup=0.85,part=0.50,iou=0.40",0.85,0.5,0.4,0.391025641025641,0.34566308243727595,0.09207866201065984,0.4166666666666667,0.021505376344086002,0.3357664233576642
"sup=0.85,part=0.50,iou=0.50",0.85,0.5,0.5,0.391025641025641,0.34566308243727595,0.09207866201065984,0.4166666666666667,0.021505376344086002,0.3357664233576642
"sup=0.85,part=0.50,iou=0.60",0.85,0.5,0.6,0.391025641025641,0.34566308243727595,0.09207866201065984,0.4166666666666667,0.021505376344086002,0.3357664233576642
"sup=0.85,part=0.55,iou=0.30",0.85,0.55,0.3,0.391025641025641,0.34566308243727595,0.09207866201065984,0.4166666666666667,0.021505376344086002,0.3357664233576642
"sup=0.85,part=0.55,iou=0.40",0.85,0.55,0.4,0.391025641025641,0.34566308243727595,0.09207866201065984,0.4166666666666667,0.021505376344086002,0.3357664233576642
"sup=0.85,part=0.55,iou=0.50",0.85,0.55,0.5,0.391025641025641,0.34566308243727595,0.09207866201065984,0.4166666666666667,0.021505376344086002,0.3357664233576642
"sup=0.85,part=0.55,iou=0.60",0.85,0.55,0.6,0.391025641025641,0.34566308243727595,0.09207866201065984,0.4166666666666667,0.021505376344086002,0.3357664233576642
"sup=0.85,part=0.60,iou=0.30",0.85,0.6,0.3,0.391025641025641,0.3453281853281853,0.0915777859507172,0.4166666666666667,0.021505376344086002,0.3357664233576642
"sup=0.85,part=0.60,iou=0.40",0.85,0.6,0.4,0.391025641025641,0.3453281853281853,0.0915777859507172,0.4166666666666667,0.021505376344086002,0.3357664233576642
"sup=0.85,part=0.60,iou=0.50",0.85,0.6,0.5,0.391025641025641,0.3453281853281853,0.0915777859507172,0.4166666666666667,0.021505376344086002,0.3357664233576642
"sup=0.85,part=0.60,iou=0.60",0.85,0.6,0.6,0.391025641025641,0.3453281853281853,0.0915777859507172,0.4166666666666667,0.021505376344086002,0.3357664233576642
"sup=0.85,part=0.65,iou=0.30",0.85,0.65,0.3,0.391025641025641,0.3448058045241144,0.09007183643396577,0.4166666666666667,0.021505376344086002,0.3357664233576642
"sup=0.85,part=0.65,iou=0.40",0.85,0.65,0.4,0.391025641025641,0.3448058045241144,0.09007183643396577,0.4166666666666667,0.021505376344086002,0.3357664233576642
"sup=0.85,part=0.65,iou=0.50",0.85,0.65,0.5,0.391025641025641,0.3448058045241144,0.09007183643396577,0.4166666666666667,0.021505376344086002,0.3357664233576642
"sup=0.85,part=0.65,iou=0.60",0.85,0.65,0.6,0.391025641025641,0.3448058045241144,0.09007183643396577,0.4166666666666667,0.021505376344086002,0.3357664233576642
"sup=0.90,part=0.25,iou=0.30",0.9,0.25,0.3,0.3782051282051282,0.33797332309603706,0.08590068865530998,0.40384615384615385,0.012254901960784381,0.33093525179856115
"sup=0.90,part=0.25,iou=0.40",0.9,0.25,0.4,0.3782051282051282,0.33797332309603706,0.08590068865530998,0.40384615384615385,0.012254901960784381,0.33093525179856115
"sup=0.90,part=0.25,iou=0.50",0.9,0.25,0.5,0.3782051282051282,0.33797332309603706,0.08590068865530998,0.40384615384615385,0.012254901960784381,0.33093525179856115
"sup=0.90,part=0.25,iou=0.60",0.9,0.25,0.6,0.3782051282051282,0.33797332309603706,0.08590068865530998,0.40384615384615385,0.012254901960784381,0.33093525179856115
"sup=0.90,part=0.30,iou=0.30",0.9,0.3,0.3,0.3782051282051282,0.33797332309603706,0.08590068865530998,0.40384615384615385,0.012254901960784381,0.33093525179856115
"sup=0.90,part=0.30,iou=0.40",0.9,0.3,0.4,0.3782051282051282,0.33797332309603706,0.08590068865530998,0.40384615384615385,0.012254901960784381,0.33093525179856115
"sup=0.90,part=0.30,iou=0.50",0.9,0.3,0.5,0.3782051282051282,0.33797332309603706,0.08590068865530998,0.40384615384615385,0.012254901960784381,0.33093525179856115
"sup=0.90,part=0.30,iou=0.60",0.9,0.3,0.6,0.3782051282051282,0.33797332309603706,0.08590068865530998,0.40384615384615385,0.012254901960784381,0.33093525179856115
"sup=0.90,part=0.35,iou=0.30",0.9,0.35,0.3,0.3782051282051282,0.33797332309603706,0.08590068865530998,0.40384615384615385,0.012254901960784381,0.33093525179856115
"sup=0.90,part=0.35,iou=0.40",0.9,0.35,0.4,0.3782051282051282,0.33797332309603706,0.08590068865530998,0.40384615384615385,0.012254901960784381,0.33093525179856115
"sup=0.90,part=0.35,iou=0.50",0.9,0.35,0.5,0.3782051282051282,0.33797332309603706,0.08590068865530998,0.40384615384615385,0.012254901960784381,0.33093525179856115
"sup=0.90,part=0.35,iou=0.60",0.9,0.35,0.6,0.3782051282051282,0.33797332309603706,0.08590068865530998,0.40384615384615385,0.012254901960784381,0.33093525179856115
"sup=0.90,part=0.40,iou=0.30",0.9,0.4,0.3,0.3782051282051282,0.33797332309603706,0.08590068865530998,0.40384615384615385,0.012254901960784381,0.33093525179856115
"sup=0.90,part=0.40,iou=0.40",0.9,0.4,0.4,0.3782051282051282,0.33797332309603706,0.08590068865530998,0.40384615384615385,0.012254901960784381,0.33093525179856115
"sup=0.90,part=0.40,iou=0.50",0.9,0.4,0.5,0.3782051282051282,0.33797332309603706,0.08590068865530998,0.40384615384615385,0.012254901960784381,0.33093525179856115
"sup=0.90,part=0.40,iou=0.60",0.9,0.4,0.6,0.3782051282051282,0.33797332309603706,0.08590068865530998,0.40384615384615385,0.012254901960784381,0.33093525179856115
"sup=0.90,part=0.45,iou=0.30",0.9,0.45,0.3,0.3782051282051282,0.33797332309603706,0.08590068865530998,0.40384615384615385,0.012254901960784381,0.33093525179856115
"sup=0.90,part=0.45,iou=0.40",0.9,0.45,0.4,0.3782051282051282,0.33797332309603706,0.08590068865530998,0.40384615384615385,0.012254901960784381,0.33093525179856115
"sup=0.90,part=0.45,iou=0.50",0.9,0.45,0.5,0.3782051282051282,0.33797332309603706,0.08590068865530998,0.40384615384615385,0.012254901960784381,0.33093525179856115
"sup=0.90,part=0.45,iou=0.60",0.9,0.45,0.6,0.3782051282051282,0.33797332309603706,0.08590068865530998,0.40384615384615385,0.012254901960784381,0.33093525179856115
"sup=0.90,part=0.50,iou=0.30",0.9,0.5,0.3,0.3782051282051282,0.3374968620167203,0.08540344514959208,0.40384615384615385,0.012254901960784381,0.33093525179856115
"sup=0.90,part=0.50,iou=0.40",0.9,0.5,0.4,0.3782051282051282,0.3374968620167203,0.08540344514959208,0.40384615384615385,0.012254901960784381,0.33093525179856115
"sup=0.90,part=0.50,iou=0.50",0.9,0.5,0.5,0.3782051282051282,0.3374968620167203,0.08540344514959208,0.40384615384615385,0.012254901960784381,0.33093525179856115
"sup=0.90,part=0.50,iou=0.60",0.9,0.5,0.6,0.3782051282051282,0.3374968620167203,0.08540344514959208,0.40384615384615385,0.012254901960784381,0.33093525179856115
"sup=0.90,part=0.55,iou=0.30",0.9,0.55,0.3,0.3782051282051282,0.3374968620167203,0.08540344514959208,0.40384615384615385,0.012254901960784381,0.33093525179856115
"sup=0.90,part=0.55,iou=0.40",0.9,0.55,0.4,0.3782051282051282,0.3374968620167203,0.08540344514959208,0.40384615384615385,0.012254901960784381,0.33093525179856115
"sup=0.90,part=0.55,iou=0.50",0.9,0.55,0.5,0.3782051282051282,0.3374968620167203,0.08540344514959208,0.40384615384615385,0.012254901960784381,0.33093525179856115
"sup=0.90,part=0.55,iou=0.60",0.9,0.55,0.6,0.3782051282051282,0.3374968620167203,0.08540344514959208,0.40384615384615385,0.012254901960784381,0.33093525179856115
"sup=0.90,part=0.60,iou=0.30",0.9,0.6,0.3,0.3782051282051282,0.3370999753719559,0.08490566037735847,0.40384615384615385,0.012254901960784381,0.33093525179856115
"sup=0.90,part=0.60,iou=0.40",0.9,0.6,0.4,0.3782051282051282,0.3370999753719559,0.08490566037735847,0.40384615384615385,0.012254901960784381,0.33093525179856115
"sup=0.90,part=0.60,iou=0.50",0.9,0.6,0.5,0.3782051282051282,0.3370999753719559,0.08490566037735847,0.40384615384615385,0.012254901960784381,0.33093525179856115
"sup=0.90,part=0.60,iou=0.60",0.9,0.6,0.6,0.3782051282051282,0.3370999753719559,0.08490566037735847,0.40384615384615385,0.012254901960784381,0.33093525179856115
"sup=0.90,part=0.65,iou=0.30",0.9,0.65,0.3,0.3782051282051282,0.33637587371057953,0.08340904960930406,0.40384615384615385,0.012254901960784381,0.33093525179856115
"sup=0.90,part=0.65,iou=0.40",0.9,0.65,0.4,0.3782051282051282,0.33637587371057953,0.08340904960930406,0.40384615384615385,0.012254901960784381,0.33093525179856115
"sup=0.90,part=0.65,iou=0.50",0.9,0.65,0.5,0.3782051282051282,0.33637587371057953,0.08340904960930406,0.40384615384615385,0.012254901960784381,0.33093525179856115
"sup=0.90,part=0.65,iou=0.60",0.9,0.65,0.6,0.3782051282051282,0.33637587371057953,0.08340904960930406,0.40384615384615385,0.012254901960784381,0.33093525179856115
"sup=0.75,part=0.70,iou=0.30",0.75,0.7,0.3,0.391025641025641,0.3148459399291457,0.04189294026377044,0.4423076923076923,0.028350515463917647,0.33587786259541985
"sup=0.80,part=0.70,iou=0.30",0.8,0.7,0.3,0.391025641025641,0.3148459399291457,0.04189294026377044,0.4423076923076923,0.028350515463917647,0.33587786259541985
"sup=0.75,part=0.70,iou=0.40",0.75,0.7,0.4,0.38461538461538464,0.31068673788123014,0.03870595031773538,0.4358974358974359,0.023474178403755874,0.3333333333333333
"sup=0.75,part=0.70,iou=0.50",0.75,0.7,0.5,0.38461538461538464,0.31068673788123014,0.03870595031773538,0.4358974358974359,0.023474178403755874,0.3333333333333333
"sup=0.80,part=0.70,iou=0.40",0.8,0.7,0.4,0.38461538461538464,0.31068673788123014,0.03870595031773538,0.4358974358974359,0.023474178403755874,0.3333333333333333
"sup=0.80,part=0.70,iou=0.50",0.8,0.7,0.5,0.38461538461538464,0.31068673788123014,0.03870595031773538,0.4358974358974359,0.023474178403755874,0.3333333333333333
"sup=0.75,part=0.70,iou=0.60",0.75,0.7,0.6,0.3782051282051282,0.30655358865630117,0.03556405353728476,0.42948717948717946,0.018659881255300936,0.3308270676691729
"sup=0.80,part=0.70,iou=0.60",0.8,0.7,0.6,0.3782051282051282,0.30655358865630117,0.03556405353728476,0.42948717948717946,0.018659881255300936,0.3308270676691729
"sup=0.85,part=0.70,iou=0.30",0.85,0.7,0.3,0.36538461538461536,0.3063632307005801,0.04276682781703234,0.4166666666666667,0.021505376344086002,0.3357664233576642
"sup=0.85,part=0.70,iou=0.40",0.85,0.7,0.4,0.36538461538461536,0.3063632307005801,0.04276682781703234,0.4166666666666667,0.021505376344086002,0.3357664233576642
"sup=0.85,part=0.70,iou=0.50",0.85,0.7,0.5,0.36538461538461536,0.3063632307005801,0.04276682781703234,0.4166666666666667,0.021505376344086002,0.3357664233576642
"sup=0.85,part=0.70,iou=0.60",0.85,0.7,0.6,0.36538461538461536,0.3063632307005801,0.04276682781703234,0.4166666666666667,0.021505376344086002,0.3357664233576642
"sup=0.90,part=0.70,iou=0.30",0.9,0.7,0.3,0.3525641025641026,0.2978603099433241,0.03668378576669118,0.40384615384615385,0.012254901960784381,0.33093525179856115
"sup=0.90,part=0.70,iou=0.40",0.9,0.7,0.4,0.3525641025641026,0.2978603099433241,0.03668378576669118,0.40384615384615385,0.012254901960784381,0.33093525179856115
"sup=0.90,part=0.70,iou=0.50",0.9,0.7,0.5,0.3525641025641026,0.2978603099433241,0.03668378576669118,0.40384615384615385,0.012254901960784381,0.33093525179856115
"sup=0.90,part=0.70,iou=0.60",0.9,0.7,0.6,0.3525641025641026,0.2978603099433241,0.03668378576669118,0.40384615384615385,0.012254901960784381,0.33093525179856115
