scope,dimension,n_comparisons,exact_agreement_count,exact_agreement_rate,cohen_kappa_normalized,annotator_1_event_grounded_count,annotator_2_event_grounded_count,annotator_1_baseline_count,annotator_2_baseline_count,annotator_1_tie_count,annotator_2_tie_count
all,faithfulness,80,71,0.8875,0.31034482758620696,3,1,72,74,5,5
all,informativeness,80,68,0.85,0.47655398037077423,3,3,63,71,14,6
all,overall,80,72,0.9,0.42652329749103934,3,2,71,74,6,4
event_grounded_vs_cot,faithfulness,40,35,0.875,0.11111111111111116,1,0,37,37,2,3
event_grounded_vs_cot,informativeness,40,36,0.9,0.45578231292517013,1,1,36,36,3,3
event_grounded_vs_cot,overall,40,36,0.9,0.16666666666666663,2,1,38,37,0,2
event_grounded_vs_direct,faithfulness,40,36,0.9,0.4612794612794613,2,1,35,37,3,2
event_grounded_vs_direct,informativeness,40,32,0.8,0.482200647249191,2,2,27,35,11,3
event_grounded_vs_direct,overall,40,36,0.9,0.5628415300546448,1,1,33,37,6,2
